symboling,wheelbase,carlength,carwidth,carheight,curbweight,enginesize,boreratio,stroke,compressionratio,horsepower,peakrpm,citympg,highwaympg,price,fueltype_gas,aspiration_turbo,doornumber_two,carbody_hardtop,carbody_hatchback,carbody_sedan,carbody_wagon,drivewheel_fwd,drivewheel_rwd,enginelocation_rear,enginetype_dohcv,enginetype_l,enginetype_ohc,enginetype_ohcf,enginetype_ohcv,enginetype_rotor,cylindernumber_five,cylindernumber_four,cylindernumber_six,cylindernumber_three,cylindernumber_twelve,cylindernumber_two,fuelsystem_2bbl,fuelsystem_4bbl,fuelsystem_idi,fuelsystem_mfi,fuelsystem_mpfi,fuelsystem_spdi,fuelsystem_spfi
3,4.4953553199808844,168.8,4.175924549214524,48.8,2548,4.875197323201151,3.47,2.68,2.302585092994046,4.718498871295094,5000,21,27,13495.0,1,0,1,0,0,0,0,0,1,0,0,0,0,0,0,0,0,1,0,0,0,0,0,0,0,0,1,0,0
3,4.4953553199808844,168.8,4.175924549214524,48.8,2548,4.875197323201151,3.47,2.68,2.302585092994046,4.718498871295094,5000,21,27,16500.0,1,0,1,0,0,0,0,0,1,0,0,0,0,0,0,0,0,1,0,0,0,0,0,0,0,0,1,0,0
1,4.5591262474866845,171.2,4.197201947661808,52.4,2823,5.030437921392435,2.68,3.47,2.302585092994046,5.043425116919247,5000,19,26,16500.0,1,0,1,0,1,0,0,0,1,0,0,0,0,0,1,0,0,0,1,0,0,0,0,0,0,0,1,0,0
2,4.613138355637268,176.6,4.207673247529104,54.3,2337,4.700480365792417,3.19,3.4,2.3978952727983707,4.634728988229636,5500,24,30,13950.0,1,0,0,0,0,1,0,1,0,0,0,0,1,0,0,0,0,1,0,0,0,0,0,0,0,0,1,0,0
2,4.609162207257629,176.6,4.210645017918261,54.3,2824,4.919980925828125,3.19,3.4,2.1972245773362196,4.7535901911063645,5500,18,22,17450.0,1,0,0,0,0,1,0,0,0,0,0,0,1,0,0,0,1,0,0,0,0,0,0,0,0,0,1,0,0
2,4.613138355637268,177.3,4.209160236650682,53.1,2507,4.919980925828125,3.19,3.4,2.2512917986064953,4.709530201312334,5500,19,25,15250.0,1,0,1,0,0,1,0,1,0,0,0,0,1,0,0,0,1,0,0,0,0,0,0,0,0,0,1,0,0
1,4.6709579265260945,192.7,4.282206299391671,55.7,2844,4.919980925828125,3.19,3.4,2.2512917986064953,4.709530201312334,5500,19,25,17710.0,1,0,0,0,0,1,0,1,0,0,0,0,1,0,0,0,1,0,0,0,0,0,0,0,0,0,1,0,0
1,4.6709579265260945,192.7,4.282206299391671,55.7,2954,4.919980925828125,3.19,3.4,2.2512917986064953,4.709530201312334,5500,19,25,18920.0,1,0,0,0,0,0,1,1,0,0,0,0,1,0,0,0,1,0,0,0,0,0,0,0,0,0,1,0,0
1,4.6709579265260945,192.7,4.282206299391671,55.9,3086,4.882801922586371,3.13,3.4,2.2300144001592104,4.948759890378168,5500,17,20,23875.0,1,1,0,0,0,1,0,1,0,0,0,0,1,0,0,0,1,0,0,0,0,0,0,0,0,0,1,0,0
0,4.61015772749913,178.2,4.232656178019613,52.0,3053,4.882801922586371,3.13,3.4,2.0794415416798357,5.081404364984463,5500,16,22,17859.167,1,1,1,0,1,0,0,0,0,0,0,0,1,0,0,0,1,0,0,0,0,0,0,0,0,0,1,0,0
2,4.626931677769604,176.8,4.186619838331271,54.3,2395,4.6913478822291435,3.5,2.8,2.2823823856765264,4.624972813284271,5800,23,29,16430.0,1,0,1,0,0,1,0,0,1,0,0,0,1,0,0,0,0,1,0,0,0,0,0,0,0,0,1,0,0
0,4.626931677769604,176.8,4.186619838331271,54.3,2395,4.6913478822291435,3.5,2.8,2.2823823856765264,4.624972813284271,5800,23,29,16925.0,1,0,0,0,0,1,0,0,1,0,0,0,1,0,0,0,0,1,0,0,0,0,0,0,0,0,1,0,0
0,4.626931677769604,176.8,4.186619838331271,54.3,2710,5.10594547390058,3.31,3.19,2.302585092994046,4.804021044733257,4250,21,28,20970.0,1,0,1,0,0,1,0,0,1,0,0,0,1,0,0,0,0,0,1,0,0,0,0,0,0,0,1,0,0
0,4.626931677769604,176.8,4.186619838331271,54.3,2765,5.10594547390058,3.31,3.19,2.302585092994046,4.804021044733257,4250,21,28,21105.0,1,0,0,0,0,1,0,0,1,0,0,0,1,0,0,0,0,0,1,0,0,0,0,0,0,0,1,0,0
1,4.6491870714048655,189.0,4.21803603456465,55.7,3055,5.10594547390058,3.31,3.19,2.302585092994046,4.804021044733257,4250,20,25,24565.0,1,0,0,0,0,1,0,0,1,0,0,0,1,0,0,0,0,0,1,0,0,0,0,0,0,0,1,0,0
0,4.6491870714048655,189.0,4.21803603456465,55.7,3230,5.3471075307174685,3.62,3.39,2.1972245773362196,5.209486152841421,5400,16,22,30760.0,1,0,0,0,0,1,0,0,1,0,0,0,1,0,0,0,0,0,1,0,0,0,0,0,0,0,1,0,0
0,4.6491870714048655,193.8,4.232656178019613,53.7,3380,5.3471075307174685,3.62,3.39,2.1972245773362196,5.209486152841421,5400,16,22,41315.0,1,0,1,0,0,1,0,0,1,0,0,0,1,0,0,0,0,0,1,0,0,0,0,0,0,0,1,0,0
0,4.709530201312334,197.0,4.275276264727001,56.3,3505,5.3471075307174685,3.62,3.39,2.1972245773362196,5.209486152841421,5400,15,20,36880.0,1,0,0,0,0,1,0,0,1,0,0,0,1,0,0,0,0,0,1,0,0,0,0,0,0,0,1,0,0
2,4.493120682179469,141.1,4.115779842942166,53.2,1488,4.127134385045092,2.91,3.03,2.3513752571634776,3.8918202981106265,5100,47,53,5151.0,1,0,1,0,1,0,0,1,0,0,0,1,0,0,0,0,0,0,0,1,0,0,1,0,0,0,0,0,0
1,4.5591262474866845,155.9,4.168214410788556,52.0,1874,4.51085950651685,3.03,3.11,2.3608540011180215,4.2626798770413155,5400,38,43,6295.0,1,0,1,0,1,0,0,1,0,0,0,0,1,0,0,0,0,1,0,0,0,0,1,0,0,0,0,0,0
0,4.5591262474866845,158.8,4.168214410788556,52.0,1909,4.51085950651685,3.03,3.11,2.3608540011180215,4.2626798770413155,5400,38,43,6575.0,1,0,0,0,0,1,0,1,0,0,0,0,1,0,0,0,0,1,0,0,0,0,1,0,0,0,0,0,0
1,4.550714000192032,157.3,4.1713056033582285,50.8,1876,4.51085950651685,2.97,3.23,2.3427668826268775,4.23410650459726,5500,37,41,5572.0,1,0,1,0,1,0,0,1,0,0,0,0,1,0,0,0,0,1,0,0,0,0,1,0,0,0,0,0,0
1,4.550714000192032,157.3,4.1713056033582285,50.8,1876,4.51085950651685,2.97,3.23,2.341805806147327,4.23410650459726,5500,31,38,6377.0,1,0,1,0,1,0,0,1,0,0,0,0,1,0,0,0,0,1,0,0,0,0,1,0,0,0,0,0,0
1,4.550714000192032,157.3,4.1713056033582285,50.8,2128,4.59511985013459,3.03,3.39,2.151762203259462,4.634728988229636,5500,24,30,7957.0,1,1,1,0,1,0,0,1,0,0,0,0,1,0,0,0,0,1,0,0,0,0,0,0,0,0,1,0,0
1,4.550714000192032,157.3,4.1713056033582285,50.6,1967,4.51085950651685,2.97,3.23,2.341805806147327,4.23410650459726,5500,31,38,6229.0,1,0,0,0,1,0,0,1,0,0,0,0,1,0,0,0,0,1,0,0,0,0,1,0,0,0,0,0,0
1,4.550714000192032,157.3,4.1713056033582285,50.6,1989,4.51085950651685,2.97,3.23,2.341805806147327,4.23410650459726,5500,31,38,6692.0,1,0,0,0,0,1,0,1,0,0,0,0,1,0,0,0,0,1,0,0,0,0,1,0,0,0,0,0,0
1,4.550714000192032,157.3,4.1713056033582285,50.6,1989,4.51085950651685,2.97,3.23,2.341805806147327,4.23410650459726,5500,31,38,7609.0,1,0,0,0,0,1,0,1,0,0,0,0,1,0,0,0,0,1,0,0,0,0,1,0,0,0,0,0,0
1,4.550714000192032,157.3,4.1713056033582285,50.6,2191,4.59511985013459,3.03,3.39,2.151762203259462,4.634728988229636,5500,24,30,8558.0,1,1,1,0,0,1,0,1,0,0,0,0,1,0,0,0,0,1,0,0,0,0,0,0,0,0,1,0,0
-1,4.647271362006727,174.6,4.183575695950044,59.8,2535,4.812184355372417,3.34,3.46,2.2512917986064953,4.48863636973214,5000,24,30,8921.0,1,0,0,0,0,0,1,1,0,0,0,0,1,0,0,0,0,1,0,0,0,0,1,0,0,0,0,0,0
3,4.5736795188967205,173.2,4.209160236650682,50.2,2811,5.056245805348308,3.6,3.9,2.0794415416798357,4.983606621708336,5000,19,24,12964.0,1,1,1,0,1,0,0,1,0,0,0,0,1,0,0,0,0,1,0,0,0,0,0,0,0,1,0,0,0
2,4.472780997942346,144.6,4.1728476237100445,50.8,1713,4.532599493153256,2.91,3.41,2.3608540011180215,4.07753744390572,4800,49,54,6479.0,1,0,1,0,1,0,0,1,0,0,0,0,1,0,0,0,0,1,0,0,0,0,0,0,0,0,0,0,0
2,4.472780997942346,144.6,4.1728476237100445,50.8,1819,4.532599493153256,2.91,3.41,2.322387720290225,4.343805421853684,6000,31,38,6855.0,1,0,1,0,1,0,0,1,0,0,0,0,1,0,0,0,0,1,0,0,0,0,0,0,0,0,0,0,0
1,4.550714000192032,150.0,4.174387269895637,52.6,1837,4.382026634673881,2.91,3.07,2.4069451083182885,4.110873864173311,5500,38,42,5399.0,1,0,1,0,1,0,0,1,0,0,0,0,1,0,0,0,0,1,0,0,0,0,0,0,0,0,0,0,0
1,4.550714000192032,150.0,4.174387269895637,52.6,1940,4.532599493153256,2.91,3.41,2.322387720290225,4.343805421853684,6000,30,34,6529.0,1,0,1,0,1,0,0,1,0,0,0,0,1,0,0,0,0,1,0,0,0,0,0,0,0,0,0,0,0
1,4.550714000192032,150.0,4.174387269895637,52.6,1956,4.532599493153256,2.91,3.41,2.322387720290225,4.343805421853684,6000,30,34,7129.0,1,0,1,0,1,0,0,1,0,0,0,0,1,0,0,0,0,1,0,0,0,0,0,0,0,0,0,0,0
0,4.579852378003801,163.4,4.174387269895637,54.5,2010,4.532599493153256,2.91,3.41,2.322387720290225,4.343805421853684,6000,30,34,7295.0,1,0,0,0,0,1,0,1,0,0,0,0,1,0,0,0,0,1,0,0,0,0,0,0,0,0,0,0,0
0,4.579852378003801,157.1,4.1728476237100445,58.3,2024,4.532599493153256,2.92,3.41,2.322387720290225,4.343805421853684,6000,30,34,7295.0,1,0,0,0,0,0,1,1,0,0,0,0,1,0,0,0,0,1,0,0,0,0,0,0,0,0,0,0,0
0,4.579852378003801,167.5,4.192680462942962,53.3,2236,4.709530201312334,3.15,3.58,2.302585092994046,4.465908118654584,5800,27,33,7895.0,1,0,1,0,1,0,0,1,0,0,0,0,1,0,0,0,0,1,0,0,0,0,0,0,0,0,0,0,0
0,4.579852378003801,167.5,4.192680462942962,53.3,2289,4.709530201312334,3.15,3.58,2.302585092994046,4.465908118654584,5800,27,33,9095.0,1,0,1,0,1,0,0,1,0,0,0,0,1,0,0,0,0,1,0,0,0,0,0,0,0,0,0,0,0
0,4.579852378003801,175.4,4.192680462942962,54.1,2304,4.709530201312334,3.15,3.58,2.302585092994046,4.465908118654584,5800,27,33,8845.0,1,0,0,0,0,1,0,1,0,0,0,0,1,0,0,0,0,1,0,0,0,0,0,0,0,0,0,0,0
0,4.579852378003801,175.4,4.151039905898646,54.1,2372,4.709530201312334,3.15,3.58,2.302585092994046,4.465908118654584,5800,27,33,10295.0,1,0,0,0,0,1,0,1,0,0,0,0,1,0,0,0,0,1,0,0,0,0,0,0,0,0,0,0,0
0,4.579852378003801,175.4,4.192680462942962,54.1,2465,4.709530201312334,3.15,3.58,2.302585092994046,4.624972813284271,5800,24,28,12945.0,1,0,0,0,0,1,0,1,0,0,0,0,1,0,0,0,0,1,0,0,0,0,0,0,0,0,1,0,0
1,4.579852378003801,169.1,4.204692619390966,51.0,2293,4.709530201312334,3.15,3.58,2.312535423847214,4.61512051684126,5500,25,31,10345.0,1,0,1,0,0,1,0,1,0,0,0,0,1,0,0,0,0,1,0,0,0,0,1,0,0,0,0,0,0
0,4.557029810660157,170.7,4.139955073474153,53.5,2337,4.718498871295094,3.31,3.23,2.2512917986064953,4.3694478524670215,4800,24,29,6785.0,1,0,0,0,0,1,0,0,1,0,0,0,1,0,0,0,0,1,0,0,0,0,1,0,0,0,0,0,0
1,4.5591262474866845,155.9,4.168214410788556,52.0,1874,4.51085950651685,3.03,3.11,2.3608540011180215,4.2626798770413155,5400,38,43,8916.5,1,0,1,0,0,1,0,1,0,0,0,0,1,0,0,0,0,1,0,0,0,0,1,0,0,0,0,0,0
0,4.5591262474866845,155.9,4.168214410788556,52.0,1909,4.51085950651685,3.03,3.11,2.3608540011180215,4.2626798770413155,5400,38,43,8916.5,1,0,0,0,0,1,0,1,0,0,0,0,1,0,0,0,0,1,0,0,0,0,1,0,0,0,0,0,0
2,4.574710978503383,172.6,4.192680462942962,51.4,2734,4.787491742782046,3.43,3.23,2.322387720290225,4.51085950651685,5000,24,29,11048.0,1,0,1,0,1,0,0,0,1,0,0,0,1,0,0,0,0,1,0,0,0,0,0,0,0,0,0,0,1
0,4.736198448394496,199.6,4.257030144499196,52.8,4066,5.556828061699537,3.63,4.17,2.2082744135228043,5.176149732573829,4750,15,19,32250.0,1,0,0,0,0,1,0,0,1,0,0,0,0,0,0,0,0,0,1,0,0,0,0,0,0,0,1,0,0
0,4.736198448394496,199.6,4.257030144499196,52.8,4066,5.556828061699537,3.63,4.17,2.2082744135228043,5.176149732573829,4750,15,19,35550.0,1,0,0,0,0,1,0,0,1,0,0,0,0,0,0,0,0,0,1,0,0,0,0,0,0,0,1,0,0
0,4.634728988229636,191.7,4.2710950739666,47.8,3950,5.7899601708972535,3.54,2.76,2.5257286443082556,5.572154032177765,5000,13,17,36000.0,1,0,1,0,0,1,0,0,1,0,0,0,0,0,1,0,0,0,0,0,1,0,0,0,0,0,1,0,0
1,4.544358046591334,159.1,4.177459468932607,54.1,1890,4.5217885770490405,3.03,3.15,2.302585092994046,4.23410650459726,5000,30,31,5195.0,1,0,1,0,1,0,0,1,0,0,0,0,1,0,0,0,0,1,0,0,0,0,1,0,0,0,0,0,0
1,4.544358046591334,159.1,4.177459468932607,54.1,1900,4.5217885770490405,3.03,3.15,2.302585092994046,4.23410650459726,5000,31,38,6095.0,1,0,1,0,1,0,0,1,0,0,0,0,1,0,0,0,0,1,0,0,0,0,1,0,0,0,0,0,0
1,4.544358046591334,159.1,4.177459468932607,54.1,1905,4.5217885770490405,3.03,3.15,2.302585092994046,4.23410650459726,5000,31,38,6795.0,1,0,1,0,1,0,0,1,0,0,0,0,1,0,0,0,0,1,0,0,0,0,1,0,0,0,0,0,0
1,4.544358046591334,166.8,4.177459468932607,54.1,1945,4.5217885770490405,3.03,3.15,2.302585092994046,4.23410650459726,5000,31,38,6695.0,1,0,0,0,0,1,0,1,0,0,0,0,1,0,0,0,0,1,0,0,0,0,1,0,0,0,0,0,0
1,4.544358046591334,166.8,4.177459468932607,54.1,1950,4.5217885770490405,3.08,3.15,2.302585092994046,4.23410650459726,5000,31,38,7395.0,1,0,0,0,0,1,0,1,0,0,0,0,1,0,0,0,0,1,0,0,0,0,1,0,0,0,0,0,0
3,4.56746831880408,169.0,4.200204952921578,49.6,2380,4.2626798770413155,3.33,3.255,2.341805806147327,4.624972813284271,6000,17,23,10945.0,1,0,1,0,1,0,0,0,1,0,0,0,0,0,0,1,0,0,0,0,0,1,0,1,0,0,0,0,0
3,4.56746831880408,169.0,4.200204952921578,49.6,2380,4.2626798770413155,3.33,3.255,2.341805806147327,4.624972813284271,6000,17,23,11845.0,1,0,1,0,1,0,0,0,1,0,0,0,0,0,0,1,0,0,0,0,0,1,0,1,0,0,0,0,0
3,4.56746831880408,169.0,4.200204952921578,49.6,2385,4.2626798770413155,3.33,3.255,2.341805806147327,4.624972813284271,6000,17,23,13645.0,1,0,1,0,1,0,0,0,1,0,0,0,0,0,0,1,0,0,0,0,0,1,0,1,0,0,0,0,0
3,4.56746831880408,169.0,4.200204952921578,49.6,2500,4.394449154672439,3.33,3.255,2.341805806147327,4.912654885736052,6000,16,23,15645.0,1,0,1,0,1,0,0,0,1,0,0,0,0,0,0,1,0,0,0,0,0,1,0,0,0,0,1,0,0
1,4.603168183317418,177.8,4.212127597878484,53.7,2385,4.812184355372417,3.39,3.39,2.2617630984737906,4.442651256490317,4800,26,32,8845.0,1,0,1,0,1,0,0,1,0,0,0,0,1,0,0,0,0,1,0,0,0,0,1,0,0,0,0,0,0
0,4.603168183317418,177.8,4.212127597878484,55.5,2410,4.812184355372417,3.39,3.39,2.2617630984737906,4.442651256490317,4800,26,32,8495.0,1,0,0,0,0,1,0,1,0,0,0,0,1,0,0,0,0,1,0,0,0,0,1,0,0,0,0,0,0
1,4.603168183317418,177.8,4.212127597878484,53.7,2385,4.812184355372417,3.39,3.39,2.2617630984737906,4.442651256490317,4800,26,32,10595.0,1,0,1,0,1,0,0,1,0,0,0,0,1,0,0,0,0,1,0,0,0,0,1,0,0,0,0,0,0
0,4.603168183317418,177.8,4.212127597878484,55.5,2410,4.812184355372417,3.39,3.39,2.2617630984737906,4.442651256490317,4800,26,32,10245.0,1,0,0,0,0,1,0,1,0,0,0,0,1,0,0,0,0,1,0,0,0,0,1,0,0,0,0,0,0
0,4.603168183317418,177.8,4.212127597878484,55.5,2443,4.812184355372417,3.39,3.39,3.1654750481410856,4.174387269895637,4650,36,42,10795.0,0,0,0,0,0,1,0,1,0,0,0,0,1,0,0,0,0,1,0,0,0,0,0,0,1,0,0,0,0
0,4.603168183317418,177.8,4.212127597878484,55.5,2425,4.812184355372417,3.39,3.39,2.2617630984737906,4.442651256490317,4800,26,32,11245.0,1,0,0,0,1,0,0,1,0,0,0,0,1,0,0,0,0,1,0,0,0,0,1,0,0,0,0,0,0
0,4.662495252607361,175.0,4.206184043977636,54.4,2670,4.948759890378168,3.76,3.16,2.1972245773362196,4.795790545596741,5000,19,27,18280.0,1,0,0,0,0,1,0,0,1,0,0,0,1,0,0,0,0,1,0,0,0,0,0,0,0,0,1,0,0
0,4.662495252607361,175.0,4.206184043977636,54.4,2700,4.90527477843843,3.43,3.64,3.1354942159291497,4.290459441148391,4200,31,39,18344.0,0,0,0,0,0,1,0,0,1,0,0,0,1,0,0,0,0,1,0,0,0,0,0,0,1,0,0,0,0
-1,4.709530201312334,190.9,4.26689632742025,56.5,3515,5.214935757608986,3.58,3.64,3.1135153092103742,4.820281565605037,4350,22,25,25552.0,0,1,0,0,0,1,0,0,1,0,0,0,1,0,0,0,1,0,0,0,0,0,0,0,1,0,0,0,0
-1,4.709530201312334,190.9,4.26689632742025,58.7,3750,5.214935757608986,3.58,3.64,3.1135153092103742,4.820281565605037,4350,22,25,28248.0,0,1,0,0,0,0,1,0,1,0,0,0,1,0,0,0,1,0,0,0,0,0,0,0,1,0,0,0,0
0,4.679349584162343,187.5,4.26689632742025,54.9,3495,5.214935757608986,3.58,3.64,3.1135153092103742,4.820281565605037,4350,22,25,28176.0,0,1,1,1,0,0,0,0,1,0,0,0,1,0,0,0,1,0,0,0,0,0,0,0,1,0,0,0,0
-1,4.758749273916392,202.6,4.286341384539473,56.3,3770,5.214935757608986,3.58,3.64,3.1135153092103742,4.820281565605037,4350,22,25,31600.0,0,1,0,0,0,1,0,0,1,0,0,0,1,0,0,0,1,0,0,0,0,0,0,0,1,0,0,0,0
-1,4.758749273916392,202.6,4.286341384539473,56.5,3740,5.459585514144159,3.46,3.1,2.2300144001592104,5.049856007249537,4750,16,18,34184.0,1,0,0,0,0,1,0,0,1,0,0,0,0,0,1,0,0,0,0,0,0,0,0,0,0,0,1,0,0
3,4.580877493419047,180.3,4.269697449699962,50.8,3685,5.459585514144159,3.46,3.1,2.2300144001592104,5.049856007249537,4750,16,18,35056.0,1,0,1,0,0,0,0,0,1,0,0,0,0,0,1,0,0,0,0,0,0,0,0,0,0,0,1,0,0
0,4.803201036487226,208.1,4.286341384539473,56.7,3900,5.733341276897746,3.8,3.35,2.1972245773362196,5.220355825078324,4500,14,16,40960.0,1,0,0,0,0,1,0,0,1,0,0,0,0,0,1,0,0,0,0,0,0,0,0,0,0,0,1,0,0
1,4.727387818712341,199.2,4.290459441148391,55.4,3715,5.720311776607412,3.8,3.35,2.1972245773362196,5.220355825078324,4500,14,16,45400.0,1,0,1,1,0,0,0,0,1,0,0,0,0,0,1,0,0,0,0,0,0,0,0,0,0,0,1,0,0
1,4.641502115235482,178.4,4.23410650459726,54.8,2910,4.948759890378168,3.78,3.12,2.1972245773362196,5.170483995038151,5000,19,24,16503.0,1,1,1,0,1,0,0,0,1,0,0,0,1,0,0,0,0,1,0,0,0,0,0,0,0,0,1,0,0
2,4.550714000192032,157.3,4.180522258463153,50.8,1918,4.532599493153256,2.97,3.23,2.341805806147327,4.23410650459726,5500,37,41,5389.0,1,0,1,0,1,0,0,1,0,0,0,0,1,0,0,0,0,1,0,0,0,0,1,0,0,0,0,0,0
2,4.550714000192032,157.3,4.180522258463153,50.8,1944,4.532599493153256,2.97,3.23,2.341805806147327,4.23410650459726,5500,31,38,6189.0,1,0,1,0,1,0,0,1,0,0,0,0,1,0,0,0,0,1,0,0,0,0,1,0,0,0,0,0,0
2,4.550714000192032,157.3,4.180522258463153,50.8,2004,4.532599493153256,2.97,3.23,2.341805806147327,4.23410650459726,5500,31,38,6669.0,1,0,1,0,1,0,0,1,0,0,0,0,1,0,0,0,0,1,0,0,0,0,1,0,0,0,0,0,0
1,4.543294782270004,157.3,4.1713056033582285,50.8,2145,4.59511985013459,3.03,3.39,2.151762203259462,4.634728988229636,5500,24,30,7689.0,1,1,1,0,1,0,0,1,0,0,0,0,1,0,0,0,0,1,0,0,0,0,0,0,0,0,0,1,0
3,4.577798989191959,173.0,4.1956970564823886,49.4,2370,4.709530201312334,3.17,3.46,2.1400661634962708,4.762173934797756,5500,23,30,9959.0,1,1,1,0,1,0,0,1,0,0,0,0,1,0,0,0,0,1,0,0,0,0,0,0,0,0,0,1,0
3,4.577798989191959,173.0,4.1956970564823886,49.4,2328,4.812184355372417,3.35,3.46,2.2512917986064953,4.48863636973214,5000,25,32,8499.0,1,0,1,0,1,0,0,1,0,0,0,0,1,0,0,0,0,1,0,0,0,0,1,0,0,0,0,0,0
3,4.5736795188967205,173.2,4.209160236650682,50.2,2833,5.056245805348308,3.58,3.86,2.0794415416798357,4.983606621708336,5000,19,24,12629.0,1,1,1,0,1,0,0,1,0,0,0,0,1,0,0,0,0,1,0,0,0,0,0,0,0,0,0,1,0
3,4.5736795188967205,173.2,4.209160236650682,50.2,2921,5.056245805348308,3.59,3.86,2.0794415416798357,4.983606621708336,5000,19,24,14869.0,1,1,1,0,1,0,0,1,0,0,0,0,1,0,0,0,0,1,0,0,0,0,0,0,0,0,0,1,0
3,4.5736795188967205,173.2,4.209160236650682,50.2,2926,5.056245805348308,3.59,3.86,2.0794415416798357,4.983606621708336,5000,19,24,14489.0,1,1,1,0,1,0,0,1,0,0,0,0,1,0,0,0,0,1,0,0,0,0,0,0,0,0,0,1,0
1,4.577798989191959,172.4,4.1956970564823886,51.6,2365,4.812184355372417,3.35,3.46,2.2512917986064953,4.48863636973214,5000,25,32,6989.0,1,0,0,0,0,1,0,1,0,0,0,0,1,0,0,0,0,1,0,0,0,0,1,0,0,0,0,0,0
1,4.577798989191959,172.4,4.1956970564823886,51.6,2405,4.812184355372417,3.35,3.46,2.2512917986064953,4.48863636973214,5000,25,32,8189.0,1,0,0,0,0,1,0,1,0,0,0,0,1,0,0,0,0,1,0,0,0,0,1,0,0,0,0,0,0
1,4.577798989191959,172.4,4.1956970564823886,51.6,2403,4.709530201312334,3.17,3.46,2.1400661634962708,4.762173934797756,5500,23,30,9279.0,1,1,0,0,0,1,0,1,0,0,0,0,1,0,0,0,0,1,0,0,0,0,0,0,0,0,0,1,0
-1,4.577798989191959,172.4,4.1956970564823886,51.6,2403,4.709530201312334,3.17,3.46,2.1400661634962708,4.762173934797756,5500,23,30,9279.0,1,0,0,0,0,1,0,1,0,0,0,0,1,0,0,0,0,1,0,0,0,0,0,0,0,0,0,1,0
1,4.5591262474866845,165.3,4.1713056033582285,54.5,1889,4.584967478670572,3.15,3.29,2.341805806147327,4.248495242049359,5200,31,37,5499.0,1,0,1,0,0,1,0,1,0,0,0,0,1,0,0,0,0,1,0,0,0,0,1,0,0,0,0,0,0
1,4.5591262474866845,165.3,4.1713056033582285,54.5,2017,4.6443908991413725,2.99,3.47,3.131136910560194,4.02535169073515,4800,45,50,7099.0,0,0,1,0,0,1,0,1,0,0,0,0,1,0,0,0,0,1,0,0,0,0,0,0,1,0,0,0,0
1,4.5591262474866845,165.3,4.1713056033582285,54.5,1918,4.584967478670572,3.15,3.29,2.341805806147327,4.248495242049359,5200,31,37,6649.0,1,0,1,0,0,1,0,1,0,0,0,0,1,0,0,0,0,1,0,0,0,0,1,0,0,0,0,0,0
1,4.5591262474866845,165.3,4.1713056033582285,54.5,1938,4.584967478670572,3.15,3.29,2.341805806147327,4.248495242049359,5200,31,37,6849.0,1,0,0,0,0,1,0,1,0,0,0,0,1,0,0,0,0,1,0,0,0,0,1,0,0,0,0,0,0
1,4.5591262474866845,170.2,4.1713056033582285,53.5,2024,4.584967478670572,3.15,3.29,2.341805806147327,4.248495242049359,5200,31,37,7349.0,1,0,0,0,0,0,1,1,0,0,0,0,1,0,0,0,0,1,0,0,0,0,1,0,0,0,0,0,0
1,4.5591262474866845,165.3,4.1713056033582285,54.5,1951,4.584967478670572,3.15,3.29,2.341805806147327,4.248495242049359,5200,31,37,7299.0,1,0,1,0,0,1,0,1,0,0,0,0,1,0,0,0,0,1,0,0,0,0,1,0,0,0,0,0,0
1,4.5591262474866845,165.6,4.1713056033582285,53.3,2028,4.584967478670572,3.15,3.29,2.341805806147327,4.248495242049359,5200,31,37,7799.0,1,0,1,0,1,0,0,1,0,0,0,0,1,0,0,0,0,1,0,0,0,0,1,0,0,0,0,0,0
1,4.5591262474866845,165.3,4.1713056033582285,54.5,1971,4.584967478670572,3.15,3.29,2.341805806147327,4.248495242049359,5200,31,37,7499.0,1,0,0,0,0,1,0,1,0,0,0,0,1,0,0,0,0,1,0,0,0,0,1,0,0,0,0,0,0
1,4.5591262474866845,170.2,4.1713056033582285,53.5,2037,4.584967478670572,3.15,3.29,2.341805806147327,4.248495242049359,5200,31,37,7999.0,1,0,0,0,0,0,1,1,0,0,0,0,1,0,0,0,0,1,0,0,0,0,1,0,0,0,0,0,0
2,4.565389315976247,162.4,4.1713056033582285,53.3,2008,4.584967478670572,3.15,3.29,2.341805806147327,4.248495242049359,5200,31,37,8249.0,1,0,1,1,0,0,0,1,0,0,0,0,1,0,0,0,0,1,0,0,0,0,1,0,0,0,0,0,0
0,4.58700621536042,173.4,4.192680462942962,54.7,2324,4.795790545596741,3.33,3.47,2.2512917986064953,4.584967478670572,5200,27,34,8949.0,1,0,0,0,1,0,0,1,0,0,0,0,1,0,0,0,0,1,0,0,0,0,1,0,0,0,0,0,0
0,4.58700621536042,173.4,4.192680462942962,54.7,2302,4.795790545596741,3.33,3.47,2.2512917986064953,4.584967478670572,5200,27,34,9549.0,1,0,0,0,0,1,0,1,0,0,0,0,1,0,0,0,0,1,0,0,0,0,1,0,0,0,0,0,0
0,4.619073091157083,181.7,4.212127597878484,55.1,3095,5.204006687076795,3.43,3.27,2.302585092994046,5.030437921392435,5200,17,22,13499.0,1,0,0,0,0,1,0,1,0,0,0,0,0,0,1,0,0,0,1,0,0,0,0,0,0,0,1,0,0
0,4.619073091157083,184.6,4.212127597878484,56.1,3296,5.204006687076795,3.43,3.27,2.302585092994046,5.030437921392435,5200,17,22,14399.0,1,0,0,0,0,0,1,1,0,0,0,0,0,0,1,0,0,0,1,0,0,0,0,0,0,0,1,0,0
0,4.619073091157083,184.6,4.212127597878484,55.1,3060,5.204006687076795,3.43,3.27,2.302585092994046,5.030437921392435,5200,19,25,13499.0,1,0,0,0,0,1,0,1,0,0,0,0,0,0,1,0,0,0,1,0,0,0,0,0,0,0,1,0,0
3,4.525044141508807,170.7,4.232656178019613,49.7,3071,5.204006687076795,3.43,3.27,2.302585092994046,5.081404364984463,5200,19,25,17199.0,1,0,1,0,1,0,0,0,1,0,0,0,0,0,1,0,0,0,1,0,0,0,0,0,0,0,1,0,0
3,4.525044141508807,170.7,4.232656178019613,49.7,3139,5.204006687076795,3.43,3.27,2.174751721484161,5.303304908059076,5200,17,23,19699.0,1,1,1,0,1,0,0,0,1,0,0,0,0,0,1,0,0,0,1,0,0,0,0,0,0,0,1,0,0
1,4.607168188650764,178.5,4.232656178019613,49.7,3139,5.204006687076795,3.43,3.27,2.302585092994046,5.081404364984463,5200,19,25,18399.0,1,0,1,0,1,0,0,0,1,0,0,0,0,0,1,0,0,0,1,0,0,0,0,0,0,0,1,0,0
0,4.690430029938915,186.7,4.239886867512759,56.7,3020,4.795790545596741,3.46,3.19,2.2407096892759584,4.584967478670572,5000,19,24,11900.0,1,0,0,0,0,1,0,0,1,0,0,1,0,0,0,0,0,1,0,0,0,0,0,0,0,0,1,0,0
0,4.690430029938915,186.7,4.239886867512759,56.7,3197,5.030437921392435,3.7,3.52,3.091042453358316,4.564348191467836,4150,28,33,13200.0,0,1,0,0,0,1,0,0,1,0,0,1,0,0,0,0,0,1,0,0,0,0,0,0,1,0,0,0,0
0,4.746669748261791,198.9,4.239886867512759,58.7,3230,4.795790545596741,3.46,3.19,2.2407096892759584,4.584967478670572,5000,19,24,12440.0,1,0,0,0,0,0,1,0,1,0,0,1,0,0,0,0,0,1,0,0,0,0,0,0,0,0,1,0,0
0,4.746669748261791,198.9,4.239886867512759,58.7,3430,5.030437921392435,3.7,3.52,3.091042453358316,4.564348191467836,4150,25,25,13860.0,0,1,0,0,0,0,1,0,1,0,0,1,0,0,0,0,0,1,0,0,0,0,0,0,1,0,0,0,0
0,4.690430029938915,186.7,4.239886867512759,56.7,3075,4.795790545596741,3.46,2.19,2.2407096892759584,4.564348191467836,5000,19,24,15580.0,1,0,0,0,0,1,0,0,1,0,0,1,0,0,0,0,0,1,0,0,0,0,0,0,0,0,1,0,0
0,4.690430029938915,186.7,4.239886867512759,56.7,3252,5.030437921392435,3.7,3.52,3.091042453358316,4.564348191467836,4150,28,33,16900.0,0,1,0,0,0,1,0,0,1,0,0,1,0,0,0,0,0,1,0,0,0,0,0,0,1,0,0,0,0
0,4.746669748261791,198.9,4.239886867512759,56.7,3285,4.795790545596741,3.46,2.19,2.2407096892759584,4.564348191467836,5000,19,24,16695.0,1,0,0,0,0,0,1,0,1,0,0,1,0,0,0,0,0,1,0,0,0,0,0,0,0,0,1,0,0
0,4.746669748261791,198.9,4.239886867512759,58.7,3485,5.030437921392435,3.7,3.52,3.091042453358316,4.564348191467836,4150,25,25,17075.0,0,1,0,0,0,0,1,0,1,0,0,1,0,0,0,0,0,1,0,0,0,0,0,0,1,0,0,0,0
0,4.690430029938915,186.7,4.239886867512759,56.7,3075,4.795790545596741,3.46,3.19,2.2407096892759584,4.584967478670572,5000,19,24,16630.0,1,0,0,0,0,1,0,0,1,0,0,1,0,0,0,0,0,1,0,0,0,0,0,0,0,0,1,0,0
0,4.690430029938915,186.7,4.239886867512759,56.7,3252,5.030437921392435,3.7,3.52,3.091042453358316,4.564348191467836,4150,28,33,17950.0,0,1,0,0,0,1,0,0,1,0,0,1,0,0,0,0,0,1,0,0,0,0,0,0,1,0,0,0,0
0,4.6913478822291435,186.7,4.238444906195857,56.0,3130,4.90527477843843,3.61,3.21,2.0794415416798357,4.962844630259907,5600,18,24,18150.0,1,1,0,0,0,1,0,0,1,0,0,1,0,0,0,0,0,1,0,0,0,0,0,0,0,0,1,0,0
1,4.550714000192032,157.3,4.1713056033582285,50.8,1918,4.51085950651685,2.97,3.23,2.341805806147327,4.23410650459726,5500,37,41,5572.0,1,0,1,0,1,0,0,1,0,0,0,0,1,0,0,0,0,1,0,0,0,0,1,0,0,0,0,0,0
1,4.550714000192032,157.3,4.1713056033582285,50.8,2128,4.59511985013459,3.03,3.39,2.151762203259462,4.634728988229636,5500,24,30,7957.0,1,1,1,0,1,0,0,1,0,0,0,0,1,0,0,0,0,1,0,0,0,0,0,0,0,0,0,1,0
1,4.550714000192032,157.3,4.1713056033582285,50.6,1967,4.51085950651685,2.97,3.23,2.341805806147327,4.23410650459726,5500,31,38,6229.0,1,0,0,0,1,0,0,1,0,0,0,0,1,0,0,0,0,1,0,0,0,0,1,0,0,0,0,0,0
1,4.550714000192032,167.3,4.1713056033582285,50.8,1989,4.51085950651685,2.97,3.23,2.341805806147327,4.23410650459726,5500,31,38,6692.0,1,0,0,0,0,1,0,1,0,0,0,0,1,0,0,0,0,1,0,0,0,0,1,0,0,0,0,0,0
1,4.550714000192032,167.3,4.1713056033582285,50.8,2191,4.59511985013459,2.97,3.23,2.341805806147327,4.23410650459726,5500,31,38,7609.0,1,0,0,0,0,1,0,1,0,0,0,0,1,0,0,0,0,1,0,0,0,0,1,0,0,0,0,0,0
-1,4.647271362006727,174.6,4.183575695950044,59.8,2535,4.812184355372417,3.35,3.46,2.2512917986064953,4.48863636973214,5000,24,30,8921.0,1,0,0,0,0,0,1,1,0,0,0,0,1,0,0,0,0,1,0,0,0,0,1,0,0,0,0,0,0
3,4.5736795188967205,173.2,4.209160236650682,50.2,2818,5.056245805348308,3.59,3.86,2.0794415416798357,4.983606621708336,5000,19,24,12764.0,1,1,1,0,1,0,0,0,1,0,0,0,1,0,0,0,0,1,0,0,0,0,0,0,0,0,0,1,0
3,4.5591262474866845,168.9,4.238444906195857,50.2,2778,5.0238805208462765,3.94,3.11,2.3513752571634776,4.969813299576001,5500,19,27,22018.0,1,0,1,0,1,0,0,0,1,0,0,0,1,0,0,0,0,1,0,0,0,0,0,0,0,0,1,0,0
3,4.505349850705881,168.9,4.189654742026425,51.6,2756,5.272999558563747,3.74,2.9,2.3513752571634776,5.337538079701318,5900,17,25,32528.0,1,0,1,1,0,0,0,0,1,1,0,0,0,1,0,0,0,0,1,0,0,0,0,0,0,0,1,0,0
3,4.505349850705881,168.9,4.189654742026425,51.6,2756,5.272999558563747,3.74,2.9,2.3513752571634776,5.337538079701318,5900,17,25,34028.0,1,0,1,1,0,0,0,0,1,1,0,0,0,1,0,0,0,0,1,0,0,0,0,0,0,0,1,0,0
3,4.505349850705881,168.9,4.189654742026425,51.6,2800,5.272999558563747,3.74,2.9,2.3513752571634776,5.337538079701318,5900,17,25,37028.0,1,0,1,0,0,0,0,0,1,1,0,0,0,1,0,0,0,0,1,0,0,0,0,0,0,0,1,0,0
1,4.599152113662528,175.7,4.294560608892605,50.5,3366,5.318119993844216,3.94,3.11,2.3978952727983707,5.666426688112432,5750,17,28,31400.5,1,0,1,0,1,0,0,0,1,0,1,0,0,0,0,0,0,0,0,0,0,0,0,0,0,0,1,0,0
0,4.575741375297279,181.5,4.212127597878484,55.2,2579,4.890349128221754,3.46,3.9,2.272125885509337,4.51085950651685,5100,23,31,9295.0,1,0,0,0,0,0,1,1,0,0,0,0,1,0,0,0,0,1,0,0,0,0,0,0,0,0,1,0,0
2,4.575741375297279,176.8,4.213607983048918,50.5,2460,4.890349128221754,3.46,3.9,2.272125885509337,4.51085950651685,5100,23,31,9895.0,1,0,1,0,1,0,0,1,0,0,0,0,1,0,0,0,0,1,0,0,0,0,0,0,0,0,1,0,0
3,4.6061696863211745,186.6,4.212127597878484,56.1,2658,4.804021044733257,3.54,3.07,2.333114298028869,4.709530201312334,5250,21,28,11850.0,1,0,1,0,1,0,0,1,0,0,0,0,1,0,0,0,0,1,0,0,0,0,0,0,0,0,1,0,0
2,4.6061696863211745,186.6,4.212127597878484,56.1,2695,4.804021044733257,3.54,3.07,2.33214389523559,4.709530201312334,5250,21,28,12170.0,1,0,0,0,0,1,0,1,0,0,0,0,1,0,0,0,0,1,0,0,0,0,0,0,0,0,1,0,0
3,4.6061696863211745,186.6,4.212127597878484,56.1,2707,4.804021044733257,2.54,2.07,2.33214389523559,4.709530201312334,5250,21,28,15040.0,1,0,1,0,1,0,0,1,0,0,0,0,1,0,0,0,0,1,0,0,0,0,0,0,0,0,1,0,0
2,4.6061696863211745,186.6,4.212127597878484,56.1,2758,4.804021044733257,3.54,3.07,2.33214389523559,4.709530201312334,5250,21,28,15510.0,1,0,0,0,0,1,0,1,0,0,0,0,1,0,0,0,0,1,0,0,0,0,0,0,0,0,1,0,0
3,4.6061696863211745,186.6,4.212127597878484,56.1,2808,4.804021044733257,3.54,3.07,2.302585092994046,5.081404364984463,5500,19,26,18150.0,1,1,1,0,1,0,0,1,0,0,0,0,0,0,0,0,0,1,0,0,0,0,0,0,0,0,1,0,0
2,4.6061696863211745,186.6,4.212127597878484,56.1,2847,4.804021044733257,3.54,3.07,2.302585092994046,5.081404364984463,5500,19,26,18620.0,1,1,0,0,0,1,0,1,0,0,0,0,0,0,0,0,0,1,0,0,0,0,0,0,0,0,1,0,0
2,4.550714000192032,156.9,4.165113633110308,53.7,2050,4.584967478670572,3.62,2.36,2.302585092994046,4.248495242049359,4900,31,36,5118.0,1,0,1,0,1,0,0,1,0,0,0,0,0,1,0,0,0,1,0,0,0,0,1,0,0,0,0,0,0
2,4.550714000192032,157.9,4.168214410788556,53.7,2120,4.6913478822291435,3.62,2.64,2.272125885509337,4.30406509320417,4400,26,31,7053.0,1,0,1,0,1,0,0,1,0,0,0,0,0,1,0,0,0,1,0,0,0,0,1,0,0,0,0,0,0
2,4.546481189639412,157.3,4.1713056033582285,55.7,2240,4.6913478822291435,3.62,2.64,2.272125885509337,4.30406509320417,4400,26,31,7603.0,1,0,1,0,1,0,0,0,0,0,0,0,0,1,0,0,0,1,0,0,0,0,1,0,0,0,0,0,0
0,4.58700621536042,172.0,4.1956970564823886,52.5,2145,4.6913478822291435,3.62,2.64,2.3513752571634776,4.418840607796598,4800,32,37,7126.0,1,0,0,0,0,1,0,1,0,0,0,0,0,1,0,0,0,1,0,0,0,0,1,0,0,0,0,0,0
0,4.58700621536042,172.0,4.1956970564823886,52.5,2190,4.6913478822291435,3.62,2.64,2.3513752571634776,4.418840607796598,4400,28,33,7775.0,1,0,0,0,0,1,0,1,0,0,0,0,0,1,0,0,0,1,0,0,0,0,1,0,0,0,0,0,0
0,4.58700621536042,172.0,4.1956970564823886,52.5,2340,4.6913478822291435,3.62,2.64,2.302585092994046,4.553876891600541,5200,26,32,9960.0,1,0,0,0,0,1,0,1,0,0,0,0,0,1,0,0,0,1,0,0,0,0,0,0,0,0,1,0,0
0,4.584967478670572,172.0,4.1956970564823886,54.3,2385,4.6913478822291435,3.62,2.64,2.302585092994046,4.418840607796598,4800,24,25,9233.0,1,0,0,0,0,1,0,0,0,0,0,0,0,1,0,0,0,1,0,0,0,0,1,0,0,0,0,0,0
0,4.584967478670572,172.0,4.1956970564823886,54.3,2510,4.6913478822291435,3.62,2.64,2.163323025660538,4.718498871295094,4800,24,29,11259.0,1,1,0,0,0,1,0,0,0,0,0,0,0,1,0,0,0,1,0,0,0,0,0,0,0,0,1,0,0
0,4.584967478670572,173.5,4.1956970564823886,53.0,2290,4.6913478822291435,3.62,2.64,2.302585092994046,4.418840607796598,4800,28,32,7463.0,1,0,0,0,0,0,1,1,0,0,0,0,0,1,0,0,0,1,0,0,0,0,1,0,0,0,0,0,0
0,4.584967478670572,173.5,4.1956970564823886,53.0,2455,4.6913478822291435,3.62,2.64,2.302585092994046,4.553876891600541,5200,25,31,10198.0,1,0,0,0,0,0,1,1,0,0,0,0,0,1,0,0,0,1,0,0,0,0,0,0,0,0,1,0,0
0,4.583946549536464,173.6,4.1956970564823886,54.9,2420,4.6913478822291435,3.62,2.64,2.302585092994046,4.418840607796598,4800,23,29,8013.0,1,0,0,0,0,0,1,0,0,0,0,0,0,1,0,0,0,1,0,0,0,0,1,0,0,0,0,0,0
0,4.583946549536464,173.6,4.1956970564823886,54.9,2650,4.6913478822291435,3.62,2.64,2.163323025660538,4.718498871295094,4800,23,23,11694.0,1,1,0,0,0,0,1,0,0,0,0,0,0,1,0,0,0,1,0,0,0,0,0,0,0,0,1,0,0
1,4.571613402459248,158.7,4.168214410788556,54.5,1985,4.532599493153256,3.05,3.03,2.302585092994046,4.143134726391533,4800,35,39,5348.0,1,0,1,0,1,0,0,1,0,0,0,0,1,0,0,0,0,1,0,0,0,0,1,0,0,0,0,0,0
1,4.571613402459248,158.7,4.168214410788556,54.5,2040,4.532599493153256,3.05,3.03,2.302585092994046,4.143134726391533,4800,31,38,6338.0,1,0,1,0,1,0,0,1,0,0,0,0,1,0,0,0,0,1,0,0,0,0,1,0,0,0,0,0,0
1,4.571613402459248,158.7,4.168214410788556,54.5,2015,4.532599493153256,3.05,3.03,2.302585092994046,4.143134726391533,4800,31,38,6488.0,1,0,0,0,1,0,0,1,0,0,0,0,1,0,0,0,0,1,0,0,0,0,1,0,0,0,0,0,0
0,4.571613402459248,169.7,4.168214410788556,59.1,2280,4.532599493153256,3.05,3.03,2.302585092994046,4.143134726391533,4800,31,37,6918.0,1,0,0,0,0,0,1,1,0,0,0,0,1,0,0,0,0,1,0,0,0,0,1,0,0,0,0,0,0
0,4.571613402459248,169.7,4.168214410788556,59.1,2290,4.532599493153256,3.05,3.03,2.302585092994046,4.143134726391533,4800,27,32,7898.0,1,0,0,0,0,0,1,0,0,0,0,0,1,0,0,0,0,1,0,0,0,0,1,0,0,0,0,0,0
0,4.571613402459248,169.7,4.168214410788556,59.1,3110,4.532599493153256,3.05,3.03,2.302585092994046,4.143134726391533,4800,27,32,8778.0,1,0,0,0,0,0,1,0,0,0,0,0,1,0,0,0,0,1,0,0,0,0,1,0,0,0,0,0,0
0,4.571613402459248,166.3,4.180522258463153,53.0,2081,4.59511985013459,3.19,3.03,2.302585092994046,4.2626798770413155,4800,30,37,6938.0,1,0,0,0,0,1,0,1,0,0,0,0,1,0,0,0,0,1,0,0,0,0,1,0,0,0,0,0,0
0,4.571613402459248,166.3,4.180522258463153,52.8,2109,4.59511985013459,3.19,3.03,2.302585092994046,4.2626798770413155,4800,30,37,7198.0,1,0,0,0,1,0,0,1,0,0,0,0,1,0,0,0,0,1,0,0,0,0,1,0,0,0,0,0,0
0,4.571613402459248,166.3,4.180522258463153,53.0,2275,4.709530201312334,3.27,3.35,3.1570004211501135,4.04305126783455,4500,34,36,7898.0,0,0,0,0,0,1,0,1,0,0,0,0,1,0,0,0,0,1,0,0,0,0,0,0,1,0,0,0,0
0,4.571613402459248,166.3,4.180522258463153,52.8,2275,4.709530201312334,3.27,3.35,3.1570004211501135,4.04305126783455,4500,38,47,7788.0,0,0,0,0,1,0,0,1,0,0,0,0,1,0,0,0,0,1,0,0,0,0,0,0,1,0,0,0,0
0,4.571613402459248,166.3,4.180522258463153,53.0,2094,4.59511985013459,3.19,3.03,2.302585092994046,4.2626798770413155,4800,38,47,7738.0,1,0,0,0,0,1,0,1,0,0,0,0,1,0,0,0,0,1,0,0,0,0,1,0,0,0,0,0,0
0,4.571613402459248,166.3,4.180522258463153,52.8,2122,4.59511985013459,3.19,3.03,2.302585092994046,4.2626798770413155,4800,28,34,8358.0,1,0,0,0,1,0,0,1,0,0,0,0,1,0,0,0,0,1,0,0,0,0,1,0,0,0,0,0,0
0,4.571613402459248,166.3,4.180522258463153,52.8,2140,4.59511985013459,3.19,3.03,2.302585092994046,4.2626798770413155,4800,28,34,9258.0,1,0,0,0,0,1,0,1,0,0,0,0,1,0,0,0,0,1,0,0,0,0,1,0,0,0,0,0,0
1,4.5591262474866845,168.7,4.174387269895637,52.6,2169,4.59511985013459,3.19,3.03,2.302585092994046,4.2626798770413155,4800,29,34,8058.0,1,0,1,0,0,1,0,0,1,0,0,0,1,0,0,0,0,1,0,0,0,0,1,0,0,0,0,0,0
1,4.5591262474866845,168.7,4.174387269895637,52.6,2204,4.59511985013459,3.19,3.03,2.302585092994046,4.2626798770413155,4800,29,34,8238.0,1,0,1,0,1,0,0,0,1,0,0,0,1,0,0,0,0,1,0,0,0,0,1,0,0,0,0,0,0
1,4.5591262474866845,168.7,4.174387269895637,52.6,2265,4.59511985013459,3.24,3.08,2.341805806147327,4.727387818712341,6600,26,29,9298.0,1,0,1,0,0,1,0,0,1,0,0,0,0,0,0,0,0,1,0,0,0,0,0,0,0,0,1,0,0
1,4.5591262474866845,168.7,4.174387269895637,52.6,2300,4.59511985013459,3.24,3.08,2.341805806147327,4.727387818712341,6600,26,29,9538.0,1,0,1,0,1,0,0,0,1,0,0,0,0,0,0,0,0,1,0,0,0,0,0,0,0,0,1,0,0
2,4.599152113662528,176.2,4.198704577546343,52.0,2540,4.990432586778736,3.62,3.5,2.33214389523559,4.762173934797756,4800,24,30,8449.0,1,0,1,1,0,0,0,0,1,0,0,0,1,0,0,0,0,1,0,0,0,0,0,0,0,0,1,0,0
2,4.599152113662528,176.2,4.198704577546343,52.0,2536,4.990432586778736,3.62,3.5,2.33214389523559,4.762173934797756,4800,24,30,9639.0,1,0,1,1,0,0,0,0,1,0,0,0,1,0,0,0,0,1,0,0,0,0,0,0,0,0,1,0,0
2,4.599152113662528,176.2,4.198704577546343,52.0,2551,4.990432586778736,3.62,3.5,2.33214389523559,4.762173934797756,4800,24,30,9989.0,1,0,1,0,1,0,0,0,1,0,0,0,1,0,0,0,0,1,0,0,0,0,0,0,0,0,1,0,0
2,4.599152113662528,176.2,4.198704577546343,52.0,2679,4.990432586778736,3.62,3.5,2.33214389523559,4.762173934797756,4800,24,30,11199.0,1,0,1,1,0,0,0,0,1,0,0,0,1,0,0,0,0,1,0,0,0,0,0,0,0,0,1,0,0
2,4.599152113662528,176.2,4.198704577546343,52.0,2714,4.990432586778736,3.62,3.5,2.33214389523559,4.762173934797756,4800,24,30,11549.0,1,0,1,0,1,0,0,0,1,0,0,0,1,0,0,0,0,1,0,0,0,0,0,0,0,0,1,0,0
2,4.599152113662528,176.2,4.198704577546343,53.0,2975,4.990432586778736,3.62,3.5,2.33214389523559,4.762173934797756,4800,24,30,17669.0,1,0,1,0,0,0,0,0,1,0,0,0,1,0,0,0,0,1,0,0,0,0,0,0,0,0,1,0,0
-1,4.638604962074329,175.6,4.212127597878484,54.9,2326,4.812184355372417,3.31,3.54,2.272125885509337,4.532599493153256,4200,29,34,8948.0,1,0,0,0,0,1,0,1,0,0,0,0,1,0,0,0,0,1,0,0,0,0,0,0,0,0,1,0,0
-1,4.638604962074329,175.6,4.212127597878484,54.9,2480,4.709530201312334,3.27,3.35,3.1570004211501135,4.30406509320417,4500,30,33,10698.0,0,1,0,0,0,1,0,1,0,0,0,0,1,0,0,0,0,1,0,0,0,0,0,0,1,0,0,0,0
-1,4.638604962074329,175.6,4.212127597878484,53.9,2414,4.812184355372417,3.31,3.54,2.272125885509337,4.532599493153256,4200,27,32,9988.0,1,0,0,0,1,0,0,1,0,0,0,0,1,0,0,0,0,1,0,0,0,0,0,0,0,0,1,0,0
-1,4.638604962074329,175.6,4.212127597878484,54.9,2414,4.812184355372417,3.31,3.54,2.272125885509337,4.532599493153256,4200,27,32,10898.0,1,0,0,0,0,1,0,1,0,0,0,0,1,0,0,0,0,1,0,0,0,0,0,0,0,0,1,0,0
-1,4.638604962074329,175.6,4.212127597878484,53.9,2458,4.812184355372417,3.31,3.54,2.272125885509337,4.532599493153256,4200,27,32,11248.0,1,0,0,0,1,0,0,1,0,0,0,0,1,0,0,0,0,1,0,0,0,0,0,0,0,0,1,0,0
3,4.6434288981051814,183.5,4.229749199228304,52.0,2976,5.147494476813453,3.27,3.35,2.33214389523559,5.087596335232384,5200,20,24,16558.0,1,0,1,0,1,0,0,0,1,0,0,0,0,0,0,0,0,0,1,0,0,0,0,0,0,0,1,0,0
3,4.6434288981051814,183.5,4.229749199228304,52.0,3016,5.147494476813453,3.27,3.35,2.33214389523559,5.087596335232384,5200,19,24,15998.0,1,0,1,0,1,0,0,0,1,0,0,0,0,0,0,0,0,0,1,0,0,0,0,0,0,0,1,0,0
-1,4.658710952916121,187.8,4.212127597878484,54.1,3131,5.147494476813453,3.27,3.35,2.322387720290225,5.056245805348308,5200,20,24,15690.0,1,0,0,0,0,1,0,0,1,0,0,0,0,0,0,0,0,0,1,0,0,0,0,0,0,0,1,0,0
-1,4.658710952916121,187.8,4.212127597878484,54.1,3151,5.087596335232384,3.27,3.35,2.322387720290225,5.056245805348308,5200,19,24,15750.0,1,0,0,0,0,0,1,0,1,0,0,0,0,0,0,0,0,0,1,0,0,0,0,0,0,0,1,0,0
2,4.5880240271531205,171.7,4.197201947661808,55.7,2261,4.584967478670572,3.01,3.4,3.1780538303479458,3.970291913552122,4800,37,46,7775.0,0,0,1,0,0,1,0,1,0,0,0,0,1,0,0,0,0,1,0,0,0,0,0,0,1,0,0,0,0
2,4.5880240271531205,171.7,4.197201947661808,55.7,2209,4.700480365792417,3.19,3.4,2.302585092994046,4.454347296253507,5250,27,34,7975.0,1,0,1,0,0,1,0,1,0,0,0,0,1,0,0,0,0,1,0,0,0,0,0,0,0,0,1,0,0
2,4.5880240271531205,171.7,4.197201947661808,55.7,2264,4.584967478670572,3.01,3.4,3.1780538303479458,3.970291913552122,4800,37,46,7995.0,0,0,0,0,0,1,0,1,0,0,0,0,1,0,0,0,0,1,0,0,0,0,0,0,1,0,0,0,0
2,4.5880240271531205,171.7,4.197201947661808,55.7,2212,4.700480365792417,3.19,3.4,2.302585092994046,4.454347296253507,5250,27,34,8195.0,1,0,0,0,0,1,0,1,0,0,0,0,1,0,0,0,0,1,0,0,0,0,0,0,0,0,1,0,0
2,4.5880240271531205,171.7,4.197201947661808,55.7,2275,4.700480365792417,3.19,3.4,2.302585092994046,4.454347296253507,5250,27,34,8495.0,1,0,0,0,0,1,0,1,0,0,0,0,1,0,0,0,0,1,0,0,0,0,0,0,0,0,1,0,0
2,4.5880240271531205,171.7,4.197201947661808,55.7,2319,4.584967478670572,3.01,3.4,3.1780538303479458,4.23410650459726,4500,37,42,9495.0,0,1,0,0,0,1,0,1,0,0,0,0,1,0,0,0,0,1,0,0,0,0,0,0,1,0,0,0,0
2,4.5880240271531205,171.7,4.197201947661808,55.7,2300,4.700480365792417,3.19,3.4,2.3978952727983707,4.61512051684126,5500,26,32,9995.0,1,0,0,0,0,1,0,1,0,0,0,0,1,0,0,0,0,1,0,0,0,0,0,0,0,0,1,0,0
3,4.5591262474866845,159.3,4.177459468932607,55.6,2254,4.700480365792417,3.19,3.4,2.2512917986064953,4.51085950651685,5500,24,29,11595.0,1,0,1,0,0,0,0,1,0,0,0,0,1,0,0,0,0,1,0,0,0,0,0,0,0,0,1,0,0
3,4.5591262474866845,165.7,4.174387269895637,51.4,2221,4.700480365792417,3.19,3.4,2.2512917986064953,4.51085950651685,5500,24,29,9980.0,1,0,1,0,1,0,0,1,0,0,0,0,1,0,0,0,0,1,0,0,0,0,0,0,0,0,1,0,0
0,4.619073091157083,180.2,4.21803603456465,55.1,2661,4.919980925828125,3.19,3.4,2.2512917986064953,4.709530201312334,5500,19,24,13295.0,1,0,0,0,0,1,0,1,0,0,0,0,1,0,0,0,1,0,0,0,0,0,0,0,0,0,1,0,0
0,4.619073091157083,180.2,4.21803603456465,55.1,2579,4.584967478670572,3.01,3.4,3.1780538303479458,4.23410650459726,4500,33,38,13845.0,0,1,0,0,0,1,0,1,0,0,0,0,1,0,0,0,0,1,0,0,0,0,0,0,1,0,0,0,0
0,4.619073091157083,183.1,4.21803603456465,55.1,2563,4.700480365792417,3.19,3.4,2.302585092994046,4.48863636973214,5500,25,31,12290.0,1,0,0,0,0,0,1,1,0,0,0,0,1,0,0,0,0,1,0,0,0,0,0,0,0,0,1,0,0
-2,4.6568134191399295,188.8,4.222444564849416,56.2,2912,4.955827057601261,3.78,3.15,2.3513752571634776,4.74493212836325,5400,23,28,12940.0,1,0,0,0,0,1,0,0,1,0,0,0,1,0,0,0,0,1,0,0,0,0,0,0,0,0,1,0,0
-1,4.6568134191399295,188.8,4.222444564849416,57.5,3034,4.955827057601261,3.78,3.15,2.3513752571634776,4.74493212836325,5400,23,28,13415.0,1,0,0,0,0,0,1,0,1,0,0,0,1,0,0,0,0,1,0,0,0,0,0,0,0,0,1,0,0
-2,4.6568134191399295,188.8,4.222444564849416,56.2,2935,4.955827057601261,3.78,3.15,2.3513752571634776,4.74493212836325,5400,24,28,15985.0,1,0,0,0,0,1,0,0,1,0,0,0,1,0,0,0,0,1,0,0,0,0,0,0,0,0,1,0,0
-1,4.6568134191399295,188.8,4.222444564849416,57.5,3042,4.955827057601261,3.78,3.15,2.3513752571634776,4.74493212836325,5400,24,28,16515.0,1,0,0,0,0,0,1,0,1,0,0,0,1,0,0,0,0,1,0,0,0,0,0,0,0,0,1,0,0
-2,4.6568134191399295,188.8,4.222444564849416,56.2,3045,4.875197323201151,3.62,3.15,2.1400661634962708,5.093750200806762,5100,17,22,18420.0,1,1,0,0,0,1,0,0,1,0,0,0,1,0,0,0,0,1,0,0,0,0,0,0,0,0,1,0,0
-1,4.6568134191399295,188.8,4.222444564849416,57.5,3157,4.875197323201151,3.62,3.15,2.1400661634962708,5.093750200806762,5100,17,22,18950.0,1,1,0,0,0,0,1,0,1,0,0,0,1,0,0,0,0,1,0,0,0,0,0,0,0,0,1,0,0
-1,4.701389043728634,188.8,4.247065649239764,55.5,2952,4.955827057601261,3.78,3.15,2.3513752571634776,4.74493212836325,5400,23,28,16845.0,1,0,0,0,0,1,0,0,1,0,0,0,1,0,0,0,0,1,0,0,0,0,0,0,0,0,1,0,0
-1,4.701389043728634,188.8,4.2456340097683265,55.5,3049,4.955827057601261,3.78,3.15,2.272125885509337,5.081404364984463,5300,19,25,19045.0,1,1,0,0,0,1,0,0,1,0,0,0,1,0,0,0,0,1,0,0,0,0,0,0,0,0,1,0,0
-1,4.701389043728634,188.8,4.247065649239764,55.5,3012,5.159055299214529,3.58,2.87,2.2823823856765264,4.90527477843843,5500,18,23,21485.0,1,0,0,0,0,1,0,0,1,0,0,0,0,0,1,0,0,0,1,0,0,0,0,0,0,0,1,0,0
-1,4.701389043728634,188.8,4.247065649239764,55.5,3217,4.983606621708336,3.01,3.4,3.1780538303479458,4.672828834461906,4800,26,27,22470.0,0,1,0,0,0,1,0,0,1,0,0,0,1,0,0,0,0,0,1,0,0,0,0,0,1,0,0,0,0
-1,4.701389043728634,188.8,4.247065649239764,55.5,3062,4.955827057601261,3.78,3.15,2.3513752571634776,4.74493212836325,5400,19,25,22625.0,1,1,0,0,0,1,0,0,1,0,0,0,1,0,0,0,0,1,0,0,0,0,0,0,0,0,1,0,0
